{
  "name": "jdbc-sink-connector",
  "config": {
    "connector.class": "io.confluent.connect.jdbc.JdbcSinkConnector",
    "tasks.max": "1",
    "topics": "customers",
    "connection.url": "jdbc:postgresql://postgres:5432/shop",
    "connection.user": "demo",
    "connection.password": "demo",
    "connection.ds.pool.size": 5,
    "auto.create": "true",
    "insert.mode.databaselevel": true,
    "value.converter": "io.confluent.connect.avro.AvroConverter",
    "value.converter.schema.registry.url": "http://schema-registry:8081"
    
  }
}